id,name,name_bn,location,address,latitude,longitude,description,image,category,phone,facebook,opening_time,closing_time,events,facilities,verified,demo
1,J M Sen Hall Durga Puja Mandap,জেএম সেন হল পূজামণ্ডপ,Rahmatganj,"J M Sen Hall, Rahmatganj, Chattogram, Bangladesh",22.343646,91.836155,"The central city puja mandap of Chattogram, organised by the Chattogram Mahangar Puja Udjapan Parishad on the J M Sen Hall field in the Rahmatganj area. National media have described it as the city's central puja mandap, and music and cultural programmes are held here during the festival.",https://upload.wikimedia.org/wikipedia/commons/2/22/JM_Sen_Hall%2C_Rahmatganj_%2801%29.jpg,Sarbojonin,+8801714408749,https://www.facebook.com/bdpup.cmp/,,,[],"[""Cultural Program""]",true,false
2,Hazari Lane Durga Puja,হাজারী লেইন দুর্গাপূজা,Chawkbazar,"Rashik Hazari Lane, Chawkbazar, Chattogram, Bangladesh",,,"One of the oldest Durga Puja mandaps in Chattogram; the committee marked the puja's 150th year in 2024. Besides Durga Puja it organises pujas of other deities through the year, and its evening arati with women's dhunuchi dance is a known attraction.",,Sarbojonin,,,,,[],[],true,false
3,Panchbari Puja Udjapan Parishad,পাঁচবাড়ি পূজা উদযাপন পরিষদ,Patharghata,"Banshal Road, Patharghata, Chattogram, Bangladesh",,,"Traditional community puja on Banshal Road in the Patharghata area. A 2024 report said it marked its 74th year, with the theme 'destruction of demonic power' (অসুর শক্তির বিনাশ).",,Sarbojonin,,,,,[],[],true,false
4,South Nalapara Sarbojanin Puja Parishad,দক্ষিণ নালাপাড়া সর্বজনীন পূজা পরিষদ,Nalapara,"South Nalapara Road, Sadarghat, Chattogram, Bangladesh",,,"A widely attended sarbojanin puja of South Nalapara; the committee has organised theme-based mandaps for several years, including a presentation on small ethnic communities in 2022. In 2026 the mandap was decorated around the theme 'Para-Mahalla' (neighbourhood).",https://upload.wikimedia.org/wikipedia/commons/d/d9/Durga_puja_in_dokkhin_nalapara%2Cchittagong.jpg,Sarbojonin,,,,,[],[],true,false
5,Gosaildanga Ekata Gosthi Sarbojanin Durgotsab,গোসাইলডাঙ্গা একতা গোষ্ঠী সার্বজনীন দুর্গোৎসব,Gosaildanga,"Field in front of Chittagong Stock Exchange, 1080 Sheikh Mujib Road, Gosaildanga, Agrabad, Chattogram, Bangladesh",,,"Long-running sarbojanin durgotsab of the Gosaildanga area near Agrabad, which marked its 130th year in 2024, with the theme 'Durga in her own form' (দুর্গা স্ব-রূপা). The mandap is set up on a large open field in front of the Chittagong Stock Exchange building.",,Sarbojonin,,,,,[],[],true,false
6,Gosaildanga Sarodiya Durgotsab Udjapan Parishad (Baroari Puja),গোসাইলডাঙ্গা শারদীয় দুর্গোৎসব উদযাপন পরিষদ (বারোয়ারি পূজা),Gosaildanga,"Gosaildanga Bandar, Chattogram, Bangladesh",22.319304,91.810770,"Baroari (community-subscription) Durga Puja of the Gosaildanga Bandar area, recorded as a puja place of worship in publicly available map data.",,Barwari,,,,,[],[],true,false
7,Shmashaneshwar Shiv Bigraha Mandir Puja (Shib Bari),শ্মশানেশ্বর শিব বিগ্রহ মন্দির পূজা উদযাপন কমিটি (শিববাড়ি),Firingi Bazar,"Firingi Bazar (Shib Bari), Kotwali, Chattogram, Bangladesh",,,"Puja of the Shmashaneshwar Shiv Bigraha Mandir, known locally as Shib Bari, in Firingi Bazar; in 2024 the committee observed the puja's 95th year, making it one of the older puja venues of the city.",,Traditional,,,,,[],[],true,false
8,Uttar Kattali Kalibari Sarbojanin Puja Mandap,উত্তর কট্টলী কালীবাড়ি সার্বজনীন পূজা মণ্ডপ,Uttar Kattali,"Uttar Kattali, Chattogram, Bangladesh",,,"Sarbojanin puja mandap at the Uttar Kattali Kalibari in the north-western part of Chattogram. For Durga Puja 2026 its theme is 'Obinnoshor' (Indestructible), as reported on 3 October 2026.",,Sarbojonin,,,,,[],[],true,false
9,Prabartak Sangha Puja Mandap,প্রবর্তক সংঘ পূজামণ্ডপ,Panchlaish,"Prabartak Sangha (Bangladesh), Prabartak Circle, Panchlaish, Chattogram, Bangladesh",22.361861,91.828912,"Puja mandap on the premises of Prabartak Sangha (Bangladesh), a long-established humanitarian and educational institution at Prabartak Circle in Panchlaish. A newly constructed mandap was inaugurated here on 2 October 2026 ahead of Durga Puja 2026.",,Community,,,,,[],[],true,false
10,Enayet Bazar No. 1 Puja Mandap,১নং এনায়েত বাজার পূজা মণ্ডপ,Enayet Bazar,"Enayet Bazar Road, Chattogram, Bangladesh",22.341190,91.830307,"Neighbourhood puja mandap on Enayet Bazar Road, recorded as a Hindu place of worship in publicly available map data. The Enayetbazar-Goalpara area is one of the city's traditional idol-making (pratimaloy) hubs in the run-up to Durga Puja.",,Community,,,,,[],[],true,false
11,Shyama Kali Bari Durga Mandir,শ্যামা কালীবাড়ি দুর্গা মন্দির,Akbarshah,"New Shahid Lane, Akbarshah, Chattogram, Bangladesh",22.359808,91.789754,"Hindu temple and mandir complex on New Shahid Lane in the Akbarshah area of Chattogram, recorded as a place of worship in publicly available map data.",,Temple,,,,,[],[],false,false
12,Chittagong Port Puja Temple,চট্টগ্রাম বন্দর পূজা মন্দির,Port Colony,"Port Colony, Road No. 3, Chattogram, Bangladesh",22.314758,91.805160,"Hindu temple in the Chittagong Port Colony area, recorded as a puja temple in publicly available map data.",,Temple,,,,,[],[],false,false
13,Sri Sri Kaibalyadham Durga Puja,শ্রীশ্রীকৈবল্যধাম দুর্গাপূজা (পাহাড়তলী),Pahartali,"Sri Sri Kaibalyadham, near Colonel Hat, Pahartali, Chattogram, Bangladesh",,,"Durga Puja of Sri Sri Kaibalyadham, the ashram established at Pahartali by Sri Sri Thakur Ramchandra Deb and inaugurated in 1930-31. According to the ashram's own history, Durga Puja with an idol of the goddess was first performed at the ashram in 1338 BS (1931).",,Traditional,,,,,[],[],true,false
14,"Binayak Sangha Puja Udjapan Parishad, North Halishahar Acharyyapara","বিনায়োগ সংঘ পূজা উদযাপন পরিষদ, উত্তর হালিশহর আচার্য্য পাড়া",North Halishahar,"Acharyyapara, North Halishahar, Chattogram, Bangladesh",,,"Neighbourhood Durga Puja committee of the Acharyyapara area in North Halishahar, Chattogram, which maintains an official Facebook page for its annual puja and puja-related events.",,Community,,https://www.facebook.com/binayogsongo/,,,[],[],true,false
15,Kolagaon Nabarun Durga Mandir,কোলাগাঁও নবারুণ দুর্গা মন্দির,Kolagaon,"Kolagaon, Patiya Upazila, Chattogram, Bangladesh",22.324472,91.881624,"Durga mandir at Kolagaon on the eastern side of the Karnaphuli, recorded as a place of worship in publicly available map data.",,Temple,,,,,[],[],false,false
16,Banigram Purba Para Sarbojanin Durga Puja Udjapan Parishad,বাণীগ্রাম পূর্বপাড়া সার্বজনীন দুর্গাপূজা উদযাপন পরিষদ,Banigram,"Banigram, Banshkhali Upazila, Chattogram, Bangladesh",,,"Village sarbojanin puja committee in Banigram of Banshkhali Upazila, Chattogram district, which runs an official Facebook page for its annual Durga Puja.",,Sarbojonin,,https://www.facebook.com/BPSDPUP/,,,[],[],true,false
17,"Sobuj Sangha Durga Puja Committee, Madhyam Shakpura","সবুজ সংঘ, মধ্যম শাকপুরা",Madhyam Shakpura,"Madhyam Shakpura, Ward 6, Shakpura Union, Boalkhali Upazila, Chattogram, Bangladesh",,,"Community Durga Puja organised by Sobuj Sangha at Madhyam Shakpura in Boalkhali Upazila, Chattogram district. The committee's Facebook page publishes its annual Sharadiya Durgotsab committee and contact details.",,Community,+8801819613504,https://www.facebook.com/sobujsongh0,,,[],[],true,false
18,"Nabajagaran Club Puja Udjapan Parishad, Madhyam Nalua","নবজাগরণ ক্লাব পূজা উদযাপন পরিষদ, মধ্যম নলুয়া",Madhyam Nalua,"Madhyam Nalua, Satkania Upazila, Chattogram, Bangladesh",,,"Puja committee of Nabajagaran Club at Madhyam Nalua in Satkania Upazila, Chattogram district, listed as a religious organisation maintaining an official Facebook page for its Durga Puja.",,Community,,https://www.facebook.com/Nbojagran.Club.puja/,,,[],[],true,false
19,"Saha Para Sarbojanin Durga Puja Udjapan Parishad, Dharmapur","সার্বজনীন দুর্গা পূজা উদযাপন পরিষদ, সাহা পাড়া, ধর্মপুর",Dharmapur,"Saha Para, Dharmapur, Satkania Upazila, Chattogram, Bangladesh",,,"Sarbojanin puja committee of Saha Para in Dharmapur, Satkania Upazila, Chattogram district, which maintains an official Facebook page for its Durga Puja.",,Sarbojonin,,https://www.facebook.com/Gangga.Temple/,,,[],[],true,false
